{"cameraMode":{"drawMode":0,"name":"Shaded","section":"Shading Mode"},"sceneLighting":true,"audioPlay":false,"sceneViewState":{"showFog":true,"showMaterialUpdate":false,"showSkybox":true,"showFlares":true,"showImageEffects":true,"showParticleSystems":true},"in2DMode":false,"pivot":{"x":-4.076245307922363,"y":5.903861999511719,"z":-1.0054540634155274},"rotation":{"x":0.07991249859333039,"y":-0.5953428149223328,"z":0.05967400223016739,"w":0.7972578406333923},"size":40.010372161865237,"orthographic":false}