{"cameraMode":{"drawMode":0,"name":"Shaded","section":"Shading Mode"},"sceneLighting":false,"audioPlay":false,"sceneViewState":{"showFog":true,"showMaterialUpdate":false,"showSkybox":true,"showFlares":true,"showImageEffects":true,"showParticleSystems":true},"in2DMode":false,"pivot":{"x":-0.1609201431274414,"y":0.2037922441959381,"z":-0.08984482288360596},"rotation":{"x":0.12777139246463777,"y":-0.4836790859699249,"z":0.07161951065063477,"w":0.8629019260406494},"size":1.4016635417938233,"orthographic":false}