{"cameraMode":{"drawMode":0,"name":"Shaded","section":"Shading Mode"},"sceneLighting":true,"audioPlay":false,"sceneViewState":{"showFog":true,"showMaterialUpdate":false,"showSkybox":true,"showFlares":true,"showImageEffects":true,"showParticleSystems":true},"in2DMode":false,"pivot":{"x":4.719050407409668,"y":0.48172521591186526,"z":5.0727219581604},"rotation":{"x":0.08890699595212937,"y":0.6746395230293274,"z":-0.0823758989572525,"w":0.7281287312507629},"size":4.8305583000183109,"orthographic":false}