{"cameraMode":{"drawMode":0,"name":"Shaded","section":"Shading Mode"},"sceneLighting":false,"audioPlay":false,"sceneViewState":{"showFog":true,"showMaterialUpdate":false,"showSkybox":true,"showFlares":true,"showImageEffects":true,"showParticleSystems":true},"in2DMode":false,"pivot":{"x":-1.2926878929138184,"y":1.1400063037872315,"z":-2.476555347442627},"rotation":{"x":-0.000597938837017864,"y":-0.11375348269939423,"z":-0.00006848596967756748,"w":0.9935088753700256},"size":4.583588123321533,"orthographic":false}