{"cameraMode":{"drawMode":0,"name":"Shaded","section":"Shading Mode"},"sceneLighting":false,"audioPlay":false,"sceneViewState":{"showFog":true,"showMaterialUpdate":false,"showSkybox":true,"showFlares":true,"showImageEffects":true,"showParticleSystems":true},"in2DMode":false,"pivot":{"x":1.1647087335586548,"y":1.2940497398376465,"z":4.935126304626465},"rotation":{"x":0.08869755268096924,"y":-0.6092429757118225,"z":0.06883857399225235,"w":0.7849949598312378},"size":2.4019970893859865,"orthographic":false}