{"cameraMode":{"drawMode":0,"name":"Shaded","section":"Shading Mode"},"sceneLighting":false,"audioPlay":false,"sceneViewState":{"showFog":true,"showMaterialUpdate":false,"showSkybox":true,"showFlares":true,"showImageEffects":true,"showParticleSystems":true},"in2DMode":false,"pivot":{"x":1.38277006149292,"y":0.4023696780204773,"z":0.7801864147186279},"rotation":{"x":0.05839785560965538,"y":-0.9268632531166077,"z":0.16234779357910157,"w":0.3334028720855713},"size":1.0101103782653809,"orthographic":false}