{"cameraMode":{"drawMode":0,"name":"Shaded","section":"Shading Mode"},"sceneLighting":true,"audioPlay":false,"sceneViewState":{"showFog":true,"showMaterialUpdate":false,"showSkybox":true,"showFlares":true,"showImageEffects":true,"showParticleSystems":true},"in2DMode":false,"pivot":{"x":0.9561327695846558,"y":0.3840000629425049,"z":4.210000038146973},"rotation":{"x":-0.04159080237150192,"y":-0.13713715970516206,"z":0.005763289052993059,"w":-0.9896618127822876},"size":22.0,"orthographic":false}