{"cameraMode":{"drawMode":0,"name":"Shaded","section":"Shading Mode"},"sceneLighting":true,"audioPlay":false,"sceneViewState":{"showFog":true,"showMaterialUpdate":false,"showSkybox":true,"showFlares":true,"showImageEffects":true,"showParticleSystems":true},"in2DMode":false,"pivot":{"x":1.3758083581924439,"y":1.3489261865615845,"z":4.948180198669434},"rotation":{"x":0.1363271027803421,"y":-0.4240974485874176,"z":0.06474700570106507,"w":0.8929525017738342},"size":0.7534293532371521,"orthographic":false}