{"cameraMode":{"drawMode":0,"name":"Shaded","section":"Shading Mode"},"sceneLighting":false,"audioPlay":false,"sceneViewState":{"showFog":true,"showMaterialUpdate":false,"showSkybox":true,"showFlares":true,"showImageEffects":true,"showParticleSystems":true},"in2DMode":false,"pivot":{"x":-0.48416656255722048,"y":0.13688887655735017,"z":-0.5944687128067017},"rotation":{"x":-0.029709096997976304,"y":0.14137205481529237,"z":-0.004244224168360233,"w":-0.9895015954971314},"size":4.608181476593018,"orthographic":false}